"pseudo_id","firstname","surname","strasse","hausnr","plz4","wohnort"
NA,NA,NA,NA,NA,NA,NA
"44d3cd56785c6efcb833e29ddbe12f149b713fc416220376c9fbf5df1c245eac","Claudio","Christen","Clausiensteig","3c","8302","Kloten"
NA,NA,NA,NA,NA,NA,NA
NA,NA,NA,NA,NA,NA,NA
NA,NA,NA,NA,NA,NA,NA
NA,NA,NA,NA,NA,NA,NA
"d4cf8afd53cdaa70f5b1ef4f7624d5fd529157b439c24aaf78f7695d47a30b30","Claudio","Christen","Clausiensteig","3c","8302","Kloten"
NA,NA,NA,NA,NA,NA,NA
NA,NA,NA,NA,NA,NA,NA
NA,NA,NA,NA,NA,NA,NA
NA,NA,NA,NA,NA,NA,NA
