"Variable","N","Percent","N","Percent","N","Percent","N","Percent","N","Percent","N","Percent","N","Percent","Test"
"mod_123456","0","","1","","2","","3","","4","","5","","6","",""
"geschlecht","","","","","","","","","","","","","","","X2=5.374"
"... Sex#M","32511","0.475","32569","0.476","32814","0.477","32553","0.475","32883","0.479","32883","0.477","32864","0.473",""
"... Sex#W","35953","0.525","35921","0.524","35924","0.523","35955","0.525","35796","0.521","36073","0.523","36558","0.527",""
"zivilstand","","","","","","","","","","","","","","","X2=56.659"
"... (null)","7","0","3","0","3","0","1","0","4","0","3","0","2","0",""
"... Civil stat#G","244","0.004","230","0.003","247","0.004","224","0.003","257","0.004","254","0.004","255","0.004",""
"... Civil stat#GGP","32","0","37","0.001","28","0","31","0","40","0.001","37","0.001","39","0.001",""
"... Civil stat#GPS","68","0.001","55","0.001","56","0.001","53","0.001","45","0.001","66","0.001","61","0.001",""
"... Civil stat#GRP","0","0","0","0","0","0","2","0","1","0","1","0","0","0",""
"... Civil stat#GTP","3","0","4","0","3","0","4","0","2","0","2","0","2","0",""
"... Civil stat#H","20065","0.293","20104","0.294","20441","0.297","20204","0.295","20284","0.295","20204","0.293","20105","0.29",""
"... Civil stat#L","38035","0.556","37943","0.554","37808","0.55","37822","0.552","37936","0.552","38262","0.555","38504","0.555",""
"... Civil stat#S","7153","0.104","7078","0.103","7197","0.105","7216","0.105","7136","0.104","7138","0.104","7368","0.106",""
"... Civil stat#U","1","0","1","0","0","0","2","0","2","0","2","0","4","0",""
"... Civil stat#W","2856","0.042","3035","0.044","2955","0.043","2949","0.043","2972","0.043","2987","0.043","3082","0.044",""
"aufenthaltsbewilligung","","","","","","","","","","","","","","","X2=57.08"
"... (null)","48823","0.713","48712","0.711","48947","0.712","48858","0.713","48973","0.713","49300","0.715","49406","0.712",""
"... CHResidenc#A","0","0","0","0","0","0","0","0","0","0","0","0","2","0",""
"... CHResidenc#B","4820","0.07","5036","0.074","4943","0.072","4994","0.073","4933","0.072","4826","0.07","4849","0.07",""
"... CHResidenc#C","14601","0.213","14556","0.213","14651","0.213","14480","0.211","14591","0.212","14631","0.212","14973","0.216",""
"... CHResidenc#D","1","0","1","0","0","0","0","0","0","0","0","0","1","0",""
"... CHResidenc#F","173","0.003","140","0.002","151","0.002","142","0.002","148","0.002","163","0.002","153","0.002",""
"... CHResidenc#G","3","0","9","0","4","0","1","0","7","0","1","0","5","0",""
"... CHResidenc#L","40","0.001","32","0","39","0.001","31","0","26","0","33","0","30","0",""
"... CHResidenc#N","3","0","4","0","3","0","2","0","1","0","2","0","3","0",""
"hh_size","","","","","","","","","","","","","","","X2=61.006"
"... 1","31689","0.463","31693","0.463","31862","0.464","31699","0.463","31967","0.465","32031","0.465","32430","0.467",""
"... 2","10489","0.153","10673","0.156","10712","0.156","10696","0.156","10646","0.155","10694","0.155","10705","0.154",""
"... 3","8670","0.127","8651","0.126","8741","0.127","8561","0.125","8615","0.125","8676","0.126","8614","0.124",""
"... 4","11055","0.161","11103","0.162","11051","0.161","11231","0.164","11080","0.161","11032","0.16","11115","0.16",""
"... 5","4958","0.072","4849","0.071","4836","0.07","4804","0.07","4896","0.071","4961","0.072","4979","0.072",""
"... 6","1151","0.017","1127","0.016","1170","0.017","1149","0.017","1094","0.016","1162","0.017","1156","0.017",""
"... 7","276","0.004","241","0.004","241","0.004","243","0.004","241","0.004","257","0.004","259","0.004",""
"... 8","76","0.001","72","0.001","66","0.001","62","0.001","68","0.001","81","0.001","80","0.001",""
"... 9","34","0","31","0","29","0","22","0","33","0","23","0","36","0.001",""
"... 10","22","0","19","0","14","0","16","0","13","0","14","0","17","0",""
"... 11","23","0","15","0","10","0","15","0","12","0","12","0","17","0",""
"... 12","14","0","12","0","2","0","9","0","11","0","10","0","11","0",""
"... 13","7","0","4","0","4","0","1","0","3","0","3","0","3","0",""
"hasel","","","","","","","","","","","","","","","X2=7.876"
"... (null)","46948","0.686","46898","0.685","47314","0.688","46883","0.684","47230","0.688","47225","0.685","47494","0.684",""
"... 0","12313","0.18","12442","0.182","12240","0.178","12458","0.182","12269","0.179","12425","0.18","12613","0.182",""
"... 1","9203","0.134","9150","0.134","9184","0.134","9167","0.134","9180","0.134","9306","0.135","9315","0.134",""
"hassh","","","","","","","","","","","","","","","X2=7.418"
"... (null)","18386","0.269","18350","0.268","18613","0.271","18533","0.271","18615","0.271","18485","0.268","18731","0.27",""
"... 0","44374","0.648","44558","0.651","44502","0.647","44351","0.647","44469","0.647","44890","0.651","45063","0.649",""
"... 1","5704","0.083","5582","0.082","5623","0.082","5624","0.082","5595","0.081","5581","0.081","5628","0.081",""
"income_bucket","","","","","","","","","","","","","","","X2=19.919"
"... none","9717","0.353","9800","0.353","9688","0.347","9641","0.349","9889","0.354","9771","0.349","9946","0.354",""
"... <20'000","9477","0.345","9565","0.344","9679","0.346","9509","0.344","9637","0.345","9667","0.345","9728","0.346",""
"... 20'-40'000","4919","0.179","4991","0.18","5019","0.18","4956","0.18","4982","0.178","5075","0.181","4997","0.178",""
"... 40-60'000","2423","0.088","2416","0.087","2619","0.094","2513","0.091","2430","0.087","2484","0.089","2450","0.087",""
"... 60'-80'000","961","0.035","998","0.036","952","0.034","989","0.036","979","0.035","1007","0.036","994","0.035",""
"... >80'000","0","0","0","0","0","0","0","0","0","0","0","0","0","0",""
"capital_bucket","","","","","","","","","","","","","","","X2=27.664"
"... none","36033","0.526","35914","0.524","35939","0.523","35918","0.524","36171","0.527","36064","0.523","36441","0.525",""
"... <20'000","13416","0.196","13336","0.195","13466","0.196","13456","0.196","13320","0.194","13529","0.196","13588","0.196",""
"... 20'-40'000","4629","0.068","4688","0.068","4844","0.07","4829","0.07","4658","0.068","4800","0.07","4696","0.068",""
"... 40-60'000","2998","0.044","3052","0.045","2988","0.043","2939","0.043","3011","0.044","3039","0.044","3033","0.044",""
"... 60'-80'000","2228","0.033","2093","0.031","2123","0.031","2133","0.031","2207","0.032","2195","0.032","2246","0.032",""
"... >80'000","9160","0.134","9407","0.137","9378","0.136","9233","0.135","9312","0.136","9329","0.135","9418","0.136",""
"plz4","","","","","","","","","","","","","","","X2=3562.919"
"... 0000","1","0","0","0","0","0","0","0","0","0","1","0","0","0",""
"... 0101","0","0","0","0","0","0","0","0","0","0","1","0","0","0",""
"... 0169","0","0","0","0","0","0","0","0","0","0","0","0","1","0",""
"... 0630","0","0","0","0","0","0","0","0","0","0","0","0","1","0",""
"... 0650","0","0","1","0","1","0","0","0","0","0","0","0","0","0",""
"... 0775","0","0","1","0","0","0","0","0","0","0","0","0","0","0",""
"... 1000","0","0","1","0","0","0","2","0","2","0","0","0","0","0",""
"... 1010","0","0","0","0","0","0","1","0","1","0","3","0","3","0",""
"... 1020","2","0","0","0","0","0","1","0","0","0","1","0","0","0",""
"... 1023","0","0","0","0","0","0","0","0","0","0","0","0","1","0",""
"... 1030","0","0","2","0","0","0","1","0","0","0","0","0","1","0",""
"... 1052","1","0","1","0","0","0","0","0","1","0","3","0","2","0",""
"... 1060","1","0","0","0","0","0","1","0","0","0","0","0","0","0",""
"... 1070","1","0","0","0","0","0","1","0","0","0","0","0","0","0",""
"... 1074","0","0","0","0","0","0","0","0","0","0","1","0","0","0",""
"... 1078","0","0","0","0","0","0","0","0","0","0","0","0","1","0",""
"... 1081","0","0","1","0","0","0","0","0","0","0","0","0","0","0",""
"... 1090","1","0","0","0","0","0","1","0","0","0","0","0","0","0",""
"... 1120","0","0","0","0","1","0","1","0","0","0","1","0","0","0",""
"... 1122","0","0","0","0","0","0","0","0","1","0","0","0","0","0",""
"... 1133","0","0","0","0","0","0","0","0","1","0","0","0","0","0",""
"... 1147","1","0","0","0","1","0","2","0","0","0","2","0","0","0",""
"... 1157","0","0","0","0","0","0","0","0","1","0","0","0","0","0",""
"... 1160","0","0","0","0","0","0","2","0","0","0","1","0","0","0",""
"... 1170","0","0","1","0","0","0","0","0","1","0","0","0","0","0",""
"... 1180","0","0","0","0","0","0","1","0","3","0","0","0","2","0",""
"... 1200","0","0","0","0","0","0","0","0","3","0","0","0","1","0",""
"... 1210","1","0","0","0","1","0","0","0","0","0","0","0","1","0",""
"... 1213","0","0","0","0","0","0","0","0","1","0","0","0","0","0",""
"... 1214","5","0","3","0","0","0","1","0","1","0","1","0","5","0",""
"... 1220","0","0","1","0","1","0","0","0","0","0","1","0","1","0",""
"... 1230","0","0","2","0","1","0","2","0","0","0","2","0","2","0",""
"... 1238","1","0","0","0","0","0","0","0","1","0","0","0","0","0",""
"... 1300","0","0","0","0","1","0","0","0","0","0","0","0","2","0",""
"... 1307","0","0","0","0","0","0","0","0","0","0","1","0","0","0",""
"... 1356","0","0","1","0","0","0","0","0","0","0","0","0","0","0",""
"... 1361","0","0","0","0","0","0","1","0","0","0","0","0","0","0",""
"... 1432","0","0","1","0","0","0","0","0","0","0","0","0","0","0",""
"... 1447","0","0","1","0","0","0","0","0","0","0","0","0","0","0",""
"... 1612","1","0","0","0","1","0","0","0","0","0","0","0","0","0",""
"... 1800","0","0","0","0","0","0","0","0","0","0","0","0","1","0",""
"... 1801","0","0","0","0","1","0","0","0","0","0","0","0","0","0",""
"... 2000","1","0","0","0","0","0","0","0","1","0","0","0","0","0",""
"... 2007","0","0","1","0","0","0","0","0","0","0","0","0","0","0",""
"... 2018","0","0","1","0","1","0","0","0","0","0","0","0","1","0",""
"... 2050","0","0","0","0","0","0","0","0","0","0","0","0","1","0",""
"... 2100","0","0","0","0","1","0","0","0","0","0","0","0","1","0",""
"... 2200","0","0","0","0","1","0","0","0","0","0","0","0","1","0",""
"... 2231","0","0","0","0","0","0","0","0","1","0","0","0","0","0",""
"... 2257","0","0","0","0","1","0","1","0","0","0","2","0","0","0",""
"... 2300","0","0","0","0","0","0","0","0","1","0","0","0","0","0",""
"... 2307","0","0","0","0","0","0","0","0","1","0","0","0","0","0",""
"... 2324","0","0","0","0","1","0","0","0","1","0","0","0","0","0",""
"... 2351","1","0","0","0","0","0","2","0","1","0","1","0","1","0",""
"... 2420","0","0","0","0","1","0","1","0","0","0","0","0","0","0",""
"... 2500","0","0","1","0","0","0","0","0","0","0","1","0","0","0",""
"... 2510","1","0","0","0","0","0","0","0","0","0","0","0","1","0",""
"... 2750","0","0","1","0","0","0","0","0","0","0","0","0","0","0",""
"... 3000","2","0","1","0","0","0","0","0","1","0","0","0","2","0",""
"... 3020","0","0","0","0","0","0","0","0","0","0","1","0","0","0",""
"... 3040","0","0","0","0","0","0","0","0","1","0","0","0","0","0",""
"... 3121","0","0","0","0","0","0","0","0","0","0","1","0","1","0",""
"... 3177","0","0","0","0","0","0","1","0","0","0","0","0","0","0",""
"... 3215","1","0","1","0","0","0","0","0","0","0","0","0","0","0",""
"... 3332","1","0","1","0","0","0","0","0","0","0","0","0","0","0",""
"... 3360","0","0","1","0","0","0","1","0","0","0","0","0","1","0",""
"... 3378","1","0","0","0","0","0","0","0","1","0","0","0","0","0",""
"... 3460","0","0","1","0","1","0","0","0","0","0","0","0","0","0",""
"... 3530","0","0","1","0","0","0","2","0","1","0","1","0","0","0",""
"... 3660","0","0","0","0","1","0","2","0","1","0","0","0","2","0",""
"... 3700","0","0","1","0","0","0","0","0","1","0","0","0","0","0",""
"... 3762","1","0","0","0","1","0","0","0","0","0","0","0","0","0",""
"... 3800","0","0","0","0","4","0","2","0","1","0","1","0","2","0",""
"... 4000","1","0","0","0","0","0","0","0","0","0","0","0","1","0",""
"... 4020","0","0","0","0","1","0","0","0","0","0","1","0","0","0",""
"... 4040","3","0","1","0","2","0","2","0","1","0","3","0","3","0",""
"... 4203","0","0","0","0","0","0","0","0","0","0","0","0","1","0",""
"... 4218","0","0","0","0","1","0","0","0","0","0","1","0","0","0",""
"... 4414","0","0","0","0","0","0","0","0","1","0","0","0","0","0",""
"... 4420","0","0","2","0","0","0","0","0","0","0","0","0","0","0",""
"... 4580","0","0","0","0","1","0","0","0","0","0","0","0","0","0",""
"... 4690","0","0","0","0","0","0","2","0","1","0","0","0","2","0",""
"... 4755","2","0","0","0","2","0","2","0","0","0","0","0","0","0",""
"... 4770","0","0","0","0","0","0","1","0","0","0","1","0","0","0",""
"... 4814","1","0","0","0","0","0","0","0","0","0","0","0","0","0",""
"... 4820","1","0","0","0","1","0","1","0","1","0","0","0","2","0",""
"... 4850","0","0","3","0","0","0","1","0","0","0","0","0","0","0",""
"... 4880","0","0","0","0","1","0","0","0","0","0","1","0","0","0",""
"... 5000","2","0","2","0","3","0","1","0","2","0","1","0","1","0",""
"... 5020","0","0","1","0","0","0","0","0","0","0","0","0","0","0",""
"... 5043","0","0","1","0","0","0","0","0","1","0","0","0","0","0",""
"... 5144","1","0","1","0","0","0","0","0","0","0","0","0","0","0",""
"... 5161","1","0","0","0","0","0","1","0","0","0","0","0","0","0",""
"... 5462","0","0","0","0","0","0","1","0","1","0","0","0","0","0",""
"... 5476","0","0","1","0","0","0","0","0","0","0","0","0","0","0",""
"... 5600","0","0","0","0","0","0","1","0","0","0","0","0","0","0",""
"... 5700","1","0","0","0","0","0","2","0","0","0","0","0","1","0",""
"... 5710","0","0","0","0","1","0","0","0","0","0","0","0","1","0",""
"... 5743","0","0","1","0","0","0","1","0","1","0","1","0","0","0",""
"... 5760","2","0","2","0","0","0","0","0","0","0","1","0","0","0",""
"... 5800","0","0","0","0","0","0","1","0","0","0","0","0","0","0",""
"... 6000","0","0","0","0","0","0","0","0","0","0","1","0","0","0",""
"... 6020","1","0","0","0","0","0","0","0","0","0","1","0","1","0",""
"... 6046","0","0","1","0","0","0","1","0","0","0","0","0","0","0",""
"... 6050","1","0","0","0","0","0","0","0","0","0","0","0","0","0",""
"... 6060","1","0","0","0","0","0","1","0","0","0","0","0","0","0",""
"... 6100","1","0","0","0","0","0","1","0","0","0","0","0","0","0",""
"... 6104","0","0","1","0","1","0","0","0","1","0","1","0","1","0",""
"... 6166","0","0","0","0","0","0","0","0","0","0","1","0","0","0",""
"... 6200","0","0","1","0","0","0","0","0","0","0","1","0","0","0",""
"... 6250","0","0","0","0","0","0","0","0","0","0","0","0","1","0",""
"... 6310","0","0","0","0","0","0","0","0","0","0","1","0","1","0",""
"... 6328","0","0","0","0","0","0","0","0","0","0","1","0","0","0",""
"... 6330","2","0","0","0","1","0","2","0","2","0","3","0","0","0",""
"... 6334","0","0","1","0","0","0","0","0","1","0","0","0","0","0",""
"... 6336","1","0","1","0","1","0","2","0","1","0","1","0","1","0",""
"... 6429","0","0","0","0","0","0","0","0","1","0","0","0","0","0",""
"... 6433","0","0","1","0","0","0","0","0","0","0","0","0","0","0",""
"... 6500","0","0","0","0","2","0","0","0","0","0","0","0","0","0",""
"... 6550","0","0","0","0","0","0","0","0","0","0","0","0","1","0",""
"... 6690","0","0","0","0","0","0","0","0","0","0","0","0","1","0",""
"... 6708","0","0","2","0","0","0","3","0","1","0","0","0","0","0",""
"... 6754","0","0","1","0","0","0","0","0","1","0","0","0","0","0",""
"... 6830","0","0","1","0","2","0","0","0","0","0","1","0","0","0",""
"... 6850","0","0","0","0","0","0","0","0","0","0","1","0","0","0",""
"... 6900","1","0","0","0","0","0","0","0","1","0","0","0","0","0",""
"... 6971","0","0","0","0","0","0","0","0","0","0","1","0","0","0",""
"... 6985","0","0","1","0","0","0","0","0","0","0","1","0","0","0",""
"... 7000","0","0","0","0","0","0","0","0","2","0","0","0","0","0",""
"... 7020","0","0","0","0","0","0","0","0","0","0","0","0","1","0",""
"... 7030","1","0","0","0","0","0","0","0","0","0","0","0","1","0",""
"... 7033","0","0","0","0","0","0","1","0","0","0","0","0","0","0",""
"... 7130","0","0","0","0","0","0","0","0","1","0","0","0","0","0",""
"... 7141","0","0","1","0","0","0","0","0","0","0","0","0","1","0",""
"... 7201","1","0","0","0","1","0","0","0","0","0","0","0","0","0",""
"... 7262","0","0","0","0","0","0","0","0","0","0","1","0","0","0",""
"... 7332","1","0","0","0","0","0","0","0","0","0","0","0","0","0",""
"... 7440","0","0","0","0","0","0","1","0","0","0","0","0","0","0",""
"... 7461","1","0","0","0","0","0","0","0","0","0","1","0","0","0",""
"... 7590","0","0","0","0","0","0","0","0","0","0","1","0","0","0",""
"... 7623","0","0","0","0","1","0","0","0","0","0","0","0","0","0",""
"... 7631","0","0","1","0","0","0","0","0","1","0","1","0","1","0",""
"... 7700","0","0","0","0","1","0","0","0","1","0","0","0","0","0",""
"... 8000","0","0","2","0","1","0","0","0","0","0","2","0","0","0",""
"... 8001","280","0.004","311","0.005","296","0.004","301","0.005","288","0.004","304","0.005","310","0.005",""
"... 8002","280","0.004","265","0.004","264","0.004","239","0.004","257","0.004","249","0.004","257","0.004",""
"... 8003","1025","0.015","1038","0.016","1044","0.016","1046","0.016","1072","0.016","1059","0.016","1091","0.016",""
"... 8004","1525","0.023","1515","0.023","1491","0.022","1475","0.022","1573","0.023","1529","0.023","1511","0.022",""
"... 8005","1337","0.02","1438","0.022","1380","0.021","1390","0.021","1384","0.021","1443","0.021","1444","0.021",""
"... 8006","523","0.008","482","0.007","474","0.007","497","0.007","496","0.007","526","0.008","487","0.007",""
"... 8008","503","0.008","474","0.007","521","0.008","478","0.007","481","0.007","472","0.007","489","0.007",""
"... 8010","1","0","0","0","1","0","1","0","1","0","1","0","0","0",""
"... 8020","1","0","2","0","0","0","2","0","2","0","0","0","1","0",""
"... 8032","426","0.006","450","0.007","454","0.007","431","0.006","459","0.007","456","0.007","463","0.007",""
"... 8037","755","0.011","751","0.011","732","0.011","688","0.01","704","0.011","675","0.01","734","0.011",""
"... 8038","684","0.01","761","0.011","703","0.01","765","0.011","750","0.011","736","0.011","714","0.011",""
"... 8041","400","0.006","420","0.006","399","0.006","422","0.006","403","0.006","399","0.006","388","0.006",""
"... 8044","197","0.003","189","0.003","201","0.003","176","0.003","198","0.003","206","0.003","195","0.003",""
"... 8045","559","0.008","514","0.008","562","0.008","512","0.008","500","0.007","547","0.008","579","0.009",""
"... 8046","1577","0.024","1504","0.023","1491","0.022","1411","0.021","1501","0.022","1473","0.022","1517","0.022",""
"... 8047","919","0.014","949","0.014","918","0.014","904","0.014","923","0.014","891","0.013","958","0.014",""
"... 8048","1509","0.023","1474","0.022","1443","0.022","1574","0.024","1495","0.022","1469","0.022","1514","0.022",""
"... 8049","857","0.013","874","0.013","843","0.013","818","0.012","824","0.012","855","0.013","832","0.012",""
"... 8050","1449","0.022","1532","0.023","1568","0.023","1504","0.023","1527","0.023","1545","0.023","1521","0.022",""
"... 8051","1554","0.023","1583","0.024","1553","0.023","1601","0.024","1569","0.023","1555","0.023","1668","0.025",""
"... 8052","1161","0.017","1185","0.018","1179","0.018","1184","0.018","1104","0.016","1204","0.018","1154","0.017",""
"... 8053","349","0.005","362","0.005","338","0.005","347","0.005","374","0.006","340","0.005","342","0.005",""
"... 8055","943","0.014","907","0.014","925","0.014","931","0.014","990","0.015","946","0.014","965","0.014",""
"... 8057","857","0.013","925","0.014","925","0.014","947","0.014","926","0.014","904","0.013","927","0.014",""
"... 8063","1","0","0","0","0","0","0","0","0","0","0","0","0","0",""
"... 8064","247","0.004","272","0.004","281","0.004","267","0.004","245","0.004","254","0.004","265","0.004",""
"... 8102","322","0.005","326","0.005","300","0.004","306","0.005","295","0.004","318","0.005","309","0.005",""
"... 8103","126","0.002","122","0.002","132","0.002","122","0.002","139","0.002","140","0.002","136","0.002",""
"... 8104","73","0.001","59","0.001","81","0.001","87","0.001","73","0.001","76","0.001","55","0.001",""
"... 8105","665","0.01","707","0.011","738","0.011","667","0.01","727","0.011","716","0.011","691","0.01",""
"... 8106","270","0.004","275","0.004","310","0.005","292","0.004","279","0.004","288","0.004","308","0.005",""
"... 8107","307","0.005","299","0.004","315","0.005","312","0.005","293","0.004","319","0.005","285","0.004",""
"... 8108","214","0.003","207","0.003","185","0.003","189","0.003","196","0.003","194","0.003","190","0.003",""
"... 8110","1","0","0","0","0","0","0","0","0","0","0","0","0","0",""
"... 8112","100","0.001","108","0.002","103","0.002","97","0.001","103","0.002","101","0.001","110","0.002",""
"... 8113","22","0","27","0","27","0","30","0","30","0","35","0.001","35","0.001",""
"... 8114","99","0.001","78","0.001","83","0.001","86","0.001","72","0.001","99","0.001","78","0.001",""
"... 8115","24","0","11","0","25","0","21","0","19","0","18","0","16","0",""
"... 8117","201","0.003","152","0.002","202","0.003","194","0.003","184","0.003","186","0.003","189","0.003",""
"... 8118","73","0.001","60","0.001","60","0.001","51","0.001","58","0.001","74","0.001","42","0.001",""
"... 8121","76","0.001","95","0.001","96","0.001","80","0.001","76","0.001","85","0.001","82","0.001",""
"... 8122","58","0.001","70","0.001","57","0.001","61","0.001","75","0.001","66","0.001","67","0.001",""
"... 8123","68","0.001","77","0.001","71","0.001","75","0.001","75","0.001","55","0.001","72","0.001",""
"... 8124","71","0.001","43","0.001","51","0.001","34","0.001","47","0.001","38","0.001","55","0.001",""
"... 8125","127","0.002","124","0.002","120","0.002","132","0.002","119","0.002","139","0.002","147","0.002",""
"... 8126","109","0.002","116","0.002","126","0.002","109","0.002","104","0.002","127","0.002","114","0.002",""
"... 8127","105","0.002","111","0.002","112","0.002","134","0.002","121","0.002","120","0.002","142","0.002",""
"... 8132","213","0.003","212","0.003","223","0.003","226","0.003","204","0.003","205","0.003","229","0.003",""
"... 8133","65","0.001","54","0.001","54","0.001","65","0.001","45","0.001","57","0.001","54","0.001",""
"... 8134","702","0.011","676","0.01","744","0.011","699","0.01","706","0.011","767","0.011","719","0.011",""
"... 8135","283","0.004","251","0.004","264","0.004","273","0.004","286","0.004","281","0.004","269","0.004",""
"... 8136","95","0.001","86","0.001","85","0.001","92","0.001","90","0.001","96","0.001","86","0.001",""
"... 8142","95","0.001","74","0.001","67","0.001","78","0.001","83","0.001","91","0.001","88","0.001",""
"... 8143","97","0.001","89","0.001","103","0.002","99","0.001","83","0.001","83","0.001","95","0.001",""
"... 8152","1073","0.016","1145","0.017","1180","0.018","1096","0.016","1187","0.018","1145","0.017","1134","0.017",""
"... 8153","425","0.006","436","0.007","417","0.006","379","0.006","448","0.007","446","0.007","456","0.007",""
"... 8154","394","0.006","393","0.006","433","0.006","402","0.006","393","0.006","402","0.006","427","0.006",""
"... 8155","343","0.005","373","0.006","350","0.005","343","0.005","343","0.005","335","0.005","355","0.005",""
"... 8156","73","0.001","79","0.001","73","0.001","80","0.001","68","0.001","66","0.001","71","0.001",""
"... 8157","233","0.003","261","0.004","257","0.004","285","0.004","250","0.004","249","0.004","284","0.004",""
"... 8158","9","0","15","0","18","0","12","0","9","0","11","0","10","0",""
"... 8162","123","0.002","128","0.002","150","0.002","156","0.002","130","0.002","128","0.002","141","0.002",""
"... 8164","30","0","14","0","24","0","31","0","23","0","16","0","23","0",""
"... 8165","135","0.002","127","0.002","147","0.002","151","0.002","130","0.002","145","0.002","141","0.002",""
"... 8166","107","0.002","104","0.002","114","0.002","101","0.002","106","0.002","109","0.002","99","0.001",""
"... 8172","238","0.004","217","0.003","222","0.003","217","0.003","210","0.003","236","0.004","243","0.004",""
"... 8173","75","0.001","77","0.001","51","0.001","65","0.001","68","0.001","69","0.001","70","0.001",""
"... 8174","65","0.001","43","0.001","61","0.001","51","0.001","64","0.001","66","0.001","55","0.001",""
"... 8175","22","0","24","0","15","0","26","0","26","0","21","0","30","0",""
"... 8180","1068","0.016","1107","0.017","1133","0.017","1158","0.017","1111","0.017","1132","0.017","1108","0.016",""
"... 8181","168","0.003","150","0.002","171","0.003","175","0.003","175","0.003","161","0.002","173","0.003",""
"... 8182","62","0.001","59","0.001","80","0.001","65","0.001","77","0.001","70","0.001","83","0.001",""
"... 8184","228","0.003","198","0.003","192","0.003","195","0.003","198","0.003","200","0.003","193","0.003",""
"... 8185","94","0.001","120","0.002","110","0.002","95","0.001","125","0.002","115","0.002","102","0.002",""
"... 8187","92","0.001","103","0.002","90","0.001","80","0.001","87","0.001","88","0.001","90","0.001",""
"... 8192","206","0.003","210","0.003","212","0.003","212","0.003","197","0.003","221","0.003","224","0.003",""
"... 8193","171","0.003","158","0.002","198","0.003","185","0.003","181","0.003","192","0.003","168","0.002",""
"... 8194","23","0","35","0.001","34","0.001","34","0.001","22","0","26","0","19","0",""
"... 8195","19","0","16","0","14","0","15","0","5","0","13","0","13","0",""
"... 8196","55","0.001","35","0.001","48","0.001","50","0.001","46","0.001","34","0.001","44","0.001",""
"... 8197","204","0.003","191","0.003","184","0.003","151","0.002","201","0.003","177","0.003","218","0.003",""
"... 8200","32","0","41","0.001","49","0.001","47","0.001","48","0.001","45","0.001","38","0.001",""
"... 8203","7","0","2","0","4","0","4","0","6","0","2","0","5","0",""
"... 8207","8","0","10","0","7","0","9","0","10","0","6","0","5","0",""
"... 8208","2","0","1","0","0","0","1","0","0","0","0","0","0","0",""
"... 8212","28","0","24","0","35","0.001","39","0.001","29","0","32","0","35","0.001",""
"... 8213","7","0","7","0","5","0","5","0","3","0","3","0","4","0",""
"... 8214","1","0","0","0","2","0","0","0","0","0","0","0","2","0",""
"... 8215","7","0","4","0","6","0","6","0","2","0","2","0","4","0",""
"... 8217","1","0","0","0","2","0","3","0","0","0","1","0","1","0",""
"... 8219","0","0","1","0","1","0","0","0","0","0","1","0","1","0",""
"... 8222","8","0","6","0","8","0","6","0","4","0","9","0","2","0",""
"... 8224","2","0","1","0","3","0","1","0","2","0","1","0","2","0",""
"... 8225","2","0","2","0","0","0","0","0","0","0","0","0","1","0",""
"... 8226","6","0","5","0","1","0","4","0","2","0","9","0","3","0",""
"... 8231","1","0","0","0","0","0","1","0","1","0","2","0","1","0",""
"... 8232","0","0","1","0","0","0","1","0","1","0","0","0","0","0",""
"... 8233","0","0","0","0","1","0","0","0","1","0","1","0","1","0",""
"... 8234","0","0","1","0","1","0","0","0","0","0","1","0","2","0",""
"... 8235","0","0","1","0","2","0","1","0","2","0","0","0","1","0",""
"... 8236","1","0","0","0","0","0","0","0","0","0","0","0","0","0",""
"... 8239","6","0","3","0","1","0","3","0","2","0","0","0","1","0",""
"... 8240","1","0","1","0","1","0","1","0","5","0","2","0","3","0",""
"... 8241","1","0","0","0","0","0","0","0","2","0","0","0","0","0",""
"... 8242","0","0","1","0","1","0","1","0","1","0","1","0","2","0",""
"... 8245","88","0.001","107","0.002","105","0.002","94","0.001","90","0.001","119","0.002","101","0.001",""
"... 8246","44","0.001","50","0.001","53","0.001","49","0.001","48","0.001","55","0.001","59","0.001",""
"... 8247","32","0","48","0.001","33","0","34","0.001","40","0.001","42","0.001","49","0.001",""
"... 8248","34","0.001","46","0.001","48","0.001","34","0.001","44","0.001","35","0.001","38","0.001",""
"... 8252","1","0","6","0","3","0","4","0","3","0","4","0","2","0",""
"... 8253","2","0","6","0","2","0","4","0","2","0","2","0","4","0",""
"... 8254","5","0","0","0","2","0","0","0","1","0","2","0","1","0",""
"... 8255","1","0","2","0","0","0","0","0","1","0","2","0","0","0",""
"... 8259","1","0","2","0","2","0","1","0","1","0","2","0","3","0",""
"... 8260","4","0","2","0","2","0","1","0","2","0","7","0","6","0",""
"... 8261","0","0","2","0","0","0","1","0","0","0","0","0","0","0",""
"... 8262","0","0","2","0","2","0","1","0","0","0","3","0","0","0",""
"... 8264","2","0","2","0","1","0","1","0","0","0","1","0","2","0",""
"... 8265","0","0","1","0","0","0","2","0","1","0","0","0","0","0",""
"... 8266","3","0","4","0","2","0","6","0","2","0","3","0","1","0",""
"... 8267","0","0","1","0","0","0","1","0","0","0","0","0","1","0",""
"... 8269","0","0","0","0","0","0","0","0","1","0","0","0","0","0",""
"... 8272","3","0","2","0","0","0","1","0","3","0","3","0","4","0",""
"... 8274","1","0","0","0","0","0","2","0","2","0","4","0","1","0",""
"... 8280","13","0","13","0","7","0","11","0","7","0","7","0","12","0",""
"... 8301","0","0","0","0","0","0","0","0","0","0","0","0","1","0",""
"... 8302","1130","0.017","1071","0.016","1185","0.018","1146","0.017","1143","0.017","1098","0.016","1066","0.016",""
"... 8303","483","0.007","461","0.007","486","0.007","446","0.007","510","0.008","540","0.008","486","0.007",""
"... 8304","642","0.01","656","0.01","644","0.01","686","0.01","613","0.009","672","0.01","665","0.01",""
"... 8305","315","0.005","333","0.005","340","0.005","368","0.006","328","0.005","345","0.005","379","0.006",""
"... 8306","229","0.003","247","0.004","243","0.004","253","0.004","215","0.003","252","0.004","234","0.003",""
"... 8307","653","0.01","661","0.01","675","0.01","693","0.01","660","0.01","707","0.01","727","0.011",""
"... 8308","158","0.002","183","0.003","160","0.002","188","0.003","160","0.002","144","0.002","139","0.002",""
"... 8309","154","0.002","176","0.003","161","0.002","168","0.003","166","0.002","159","0.002","178","0.003",""
"... 8310","79","0.001","67","0.001","68","0.001","56","0.001","60","0.001","64","0.001","61","0.001",""
"... 8311","48","0.001","43","0.001","52","0.001","38","0.001","42","0.001","52","0.001","40","0.001",""
"... 8312","29","0","28","0","27","0","22","0","30","0","29","0","33","0",""
"... 8314","9","0","8","0","5","0","5","0","10","0","11","0","14","0",""
"... 8315","23","0","20","0","24","0","23","0","12","0","28","0","25","0",""
"... 8317","99","0.001","74","0.001","87","0.001","96","0.001","87","0.001","102","0.002","100","0.001",""
"... 8320","246","0.004","262","0.004","266","0.004","273","0.004","243","0.004","252","0.004","242","0.004",""
"... 8322","13","0","18","0","20","0","27","0","22","0","16","0","22","0",""
"... 8330","491","0.007","533","0.008","480","0.007","505","0.008","474","0.007","467","0.007","475","0.007",""
"... 8331","28","0","29","0","15","0","17","0","20","0","17","0","17","0",""
"... 8332","123","0.002","138","0.002","102","0.002","103","0.002","120","0.002","115","0.002","127","0.002",""
"... 8335","113","0.002","112","0.002","116","0.002","124","0.002","129","0.002","132","0.002","115","0.002",""
"... 8340","458","0.007","447","0.007","424","0.006","436","0.007","466","0.007","475","0.007","468","0.007",""
"... 8342","21","0","22","0","26","0","24","0","29","0","21","0","30","0",""
"... 8344","158","0.002","179","0.003","154","0.002","160","0.002","161","0.002","158","0.002","144","0.002",""
"... 8345","54","0.001","45","0.001","42","0.001","41","0.001","40","0.001","43","0.001","42","0.001",""
"... 8352","158","0.002","131","0.002","176","0.003","158","0.002","150","0.002","150","0.002","142","0.002",""
"... 8353","163","0.002","188","0.003","180","0.003","194","0.003","184","0.003","201","0.003","194","0.003",""
"... 8354","18","0","21","0","14","0","28","0","29","0","20","0","19","0",""
"... 8355","23","0","27","0","12","0","21","0","24","0","19","0","21","0",""
"... 8356","1","0","1","0","2","0","0","0","0","0","0","0","1","0",""
"... 8357","3","0","1","0","3","0","4","0","7","0","2","0","0","0",""
"... 8360","8","0","14","0","5","0","12","0","14","0","12","0","8","0",""
"... 8361","0","0","0","0","1","0","1","0","0","0","0","0","0","0",""
"... 8362","8","0","2","0","2","0","3","0","4","0","4","0","2","0",""
"... 8363","3","0","3","0","3","0","5","0","5","0","6","0","7","0",""
"... 8370","5","0","4","0","6","0","3","0","4","0","5","0","6","0",""
"... 8372","0","0","2","0","0","0","0","0","1","0","0","0","2","0",""
"... 8374","2","0","4","0","5","0","3","0","4","0","3","0","3","0",""
"... 8376","0","0","1","0","2","0","1","0","1","0","2","0","0","0",""
"... 8400","2002","0.03","2037","0.031","2005","0.03","2022","0.03","2039","0.03","2027","0.03","2108","0.031",""
"... 8402","0","0","0","0","0","0","1","0","0","0","0","0","0","0",""
"... 8403","71","0.001","54","0.001","60","0.001","52","0.001","35","0.001","74","0.001","64","0.001",""
"... 8404","1231","0.018","1171","0.018","1078","0.016","1178","0.018","1175","0.018","1137","0.017","1162","0.017",""
"... 8405","1001","0.015","972","0.015","955","0.014","980","0.015","975","0.015","957","0.014","962","0.014",""
"... 8406","848","0.013","842","0.013","854","0.013","836","0.013","832","0.012","843","0.013","934","0.014",""
"... 8408","1002","0.015","986","0.015","1010","0.015","982","0.015","1003","0.015","912","0.014","926","0.014",""
"... 8409","181","0.003","174","0.003","180","0.003","172","0.003","179","0.003","199","0.003","180","0.003",""
"... 8411","0","0","0","0","0","0","0","0","0","0","1","0","1","0",""
"... 8412","43","0.001","39","0.001","31","0","34","0.001","45","0.001","41","0.001","30","0",""
"... 8413","132","0.002","144","0.002","151","0.002","145","0.002","168","0.003","152","0.002","165","0.002",""
"... 8414","36","0.001","23","0","26","0","37","0.001","34","0.001","24","0","25","0",""
"... 8415","14","0","11","0","16","0","9","0","9","0","7","0","11","0",""
"... 8416","53","0.001","37","0.001","45","0.001","60","0.001","55","0.001","60","0.001","54","0.001",""
"... 8418","31","0","25","0","33","0","31","0","38","0.001","28","0","37","0.001",""
"... 8421","18","0","14","0","28","0","18","0","15","0","22","0","19","0",""
"... 8422","189","0.003","182","0.003","183","0.003","185","0.003","180","0.003","184","0.003","182","0.003",""
"... 8424","483","0.007","504","0.008","491","0.007","464","0.007","520","0.008","516","0.008","476","0.007",""
"... 8425","37","0.001","36","0.001","30","0","37","0.001","23","0","35","0.001","34","0.001",""
"... 8426","73","0.001","51","0.001","64","0.001","73","0.001","58","0.001","71","0.001","75","0.001",""
"... 8427","207","0.003","219","0.003","244","0.004","221","0.003","219","0.003","227","0.003","231","0.003",""
"... 8428","10","0","19","0","16","0","10","0","14","0","23","0","17","0",""
"... 8442","84","0.001","105","0.002","114","0.002","92","0.001","118","0.002","91","0.001","98","0.001",""
"... 8444","69","0.001","74","0.001","62","0.001","78","0.001","75","0.001","80","0.001","72","0.001",""
"... 8447","56","0.001","37","0.001","51","0.001","55","0.001","58","0.001","46","0.001","52","0.001",""
"... 8450","56","0.001","43","0.001","81","0.001","78","0.001","52","0.001","72","0.001","83","0.001",""
"... 8451","69","0.001","54","0.001","48","0.001","61","0.001","51","0.001","58","0.001","39","0.001",""
"... 8452","22","0","22","0","25","0","14","0","21","0","19","0","18","0",""
"... 8453","6","0","2","0","4","0","5","0","2","0","6","0","4","0",""
"... 8454","1","0","1","0","0","0","1","0","0","0","0","0","2","0",""
"... 8455","2","0","0","0","0","0","2","0","0","0","0","0","1","0",""
"... 8457","5","0","9","0","9","0","7","0","10","0","13","0","11","0",""
"... 8458","15","0","23","0","19","0","18","0","21","0","13","0","10","0",""
"... 8459","12","0","15","0","11","0","10","0","8","0","16","0","11","0",""
"... 8460","62","0.001","58","0.001","52","0.001","62","0.001","76","0.001","62","0.001","61","0.001",""
"... 8461","15","0","16","0","15","0","8","0","8","0","8","0","17","0",""
"... 8462","55","0.001","55","0.001","40","0.001","39","0.001","52","0.001","49","0.001","35","0.001",""
"... 8463","33","0","29","0","27","0","30","0","27","0","13","0","23","0",""
"... 8464","0","0","2","0","3","0","0","0","1","0","1","0","1","0",""
"... 8465","15","0","10","0","16","0","11","0","14","0","12","0","12","0",""
"... 8466","18","0","27","0","19","0","20","0","21","0","21","0","17","0",""
"... 8467","11","0","19","0","6","0","19","0","21","0","18","0","12","0",""
"... 8468","16","0","28","0","22","0","15","0","18","0","17","0","24","0",""
"... 8471","39","0.001","29","0","36","0.001","34","0.001","27","0","33","0","23","0",""
"... 8472","237","0.004","235","0.004","244","0.004","232","0.003","247","0.004","243","0.004","248","0.004",""
"... 8474","53","0.001","48","0.001","55","0.001","49","0.001","43","0.001","55","0.001","47","0.001",""
"... 8475","82","0.001","63","0.001","74","0.001","65","0.001","85","0.001","73","0.001","66","0.001",""
"... 8476","36","0.001","36","0.001","28","0","29","0","30","0","31","0","36","0.001",""
"... 8477","38","0.001","49","0.001","44","0.001","27","0","35","0.001","34","0.001","33","0",""
"... 8478","40","0.001","26","0","31","0","37","0.001","32","0","38","0.001","41","0.001",""
"... 8479","24","0","28","0","20","0","23","0","22","0","23","0","30","0",""
"... 8482","120","0.002","132","0.002","127","0.002","133","0.002","101","0.002","117","0.002","111","0.002",""
"... 8483","144","0.002","141","0.002","149","0.002","141","0.002","136","0.002","125","0.002","150","0.002",""
"... 8484","153","0.002","107","0.002","128","0.002","119","0.002","110","0.002","120","0.002","128","0.002",""
"... 8486","87","0.001","109","0.002","112","0.002","111","0.002","88","0.001","98","0.001","143","0.002",""
"... 8487","110","0.002","81","0.001","74","0.001","92","0.001","75","0.001","77","0.001","86","0.001",""
"... 8488","287","0.004","262","0.004","243","0.004","275","0.004","245","0.004","259","0.004","245","0.004",""
"... 8489","27","0","30","0","27","0","30","0","34","0.001","29","0","31","0",""
"... 8492","111","0.002","106","0.002","99","0.001","107","0.002","94","0.001","101","0.001","99","0.001",""
"... 8493","83","0.001","64","0.001","65","0.001","58","0.001","61","0.001","86","0.001","78","0.001",""
"... 8494","141","0.002","131","0.002","144","0.002","131","0.002","129","0.002","145","0.002","132","0.002",""
"... 8495","7","0","8","0","3","0","8","0","9","0","8","0","8","0",""
"... 8496","48","0.001","35","0.001","40","0.001","43","0.001","49","0.001","40","0.001","52","0.001",""
"... 8497","39","0.001","35","0.001","41","0.001","42","0.001","41","0.001","53","0.001","47","0.001",""
"... 8498","52","0.001","41","0.001","44","0.001","42","0.001","30","0","55","0.001","41","0.001",""
"... 8499","8","0","16","0","12","0","9","0","10","0","8","0","13","0",""
"... 8500","38","0.001","39","0.001","48","0.001","29","0","32","0","44","0.001","44","0.001",""
"... 8505","4","0","1","0","1","0","2","0","1","0","1","0","2","0",""
"... 8506","1","0","3","0","1","0","1","0","1","0","1","0","0","0",""
"... 8507","0","0","0","0","2","0","1","0","1","0","1","0","1","0",""
"... 8508","1","0","0","0","0","0","0","0","1","0","0","0","0","0",""
"... 8512","1","0","5","0","1","0","0","0","1","0","0","0","1","0",""
"... 8514","0","0","0","0","0","0","2","0","1","0","0","0","0","0",""
"... 8522","2","0","1","0","1","0","0","0","1","0","3","0","3","0",""
"... 8523","35","0.001","51","0.001","51","0.001","45","0.001","50","0.001","46","0.001","40","0.001",""
"... 8524","0","0","3","0","2","0","6","0","4","0","3","0","2","0",""
"... 8525","3","0","0","0","0","0","1","0","1","0","0","0","0","0",""
"... 8526","2","0","1","0","3","0","4","0","0","0","1","0","1","0",""
"... 8532","3","0","1","0","2","0","3","0","6","0","1","0","1","0",""
"... 8535","1","0","2","0","1","0","2","0","1","0","0","0","1","0",""
"... 8536","0","0","0","0","1","0","0","0","1","0","0","0","0","0",""
"... 8537","1","0","2","0","3","0","0","0","3","0","2","0","1","0",""
"... 8542","138","0.002","120","0.002","122","0.002","140","0.002","161","0.002","138","0.002","152","0.002",""
"... 8543","39","0.001","28","0","23","0","30","0","25","0","33","0","32","0",""
"... 8544","14","0","18","0","17","0","18","0","19","0","24","0","19","0",""
"... 8545","113","0.002","100","0.001","101","0.002","115","0.002","112","0.002","146","0.002","124","0.002",""
"... 8546","12","0","12","0","13","0","8","0","13","0","9","0","8","0",""
"... 8547","2","0","7","0","4","0","6","0","5","0","1","0","4","0",""
"... 8548","35","0.001","23","0","28","0","36","0.001","33","0","16","0","33","0",""
"... 8552","7","0","3","0","2","0","3","0","2","0","4","0","2","0",""
"... 8553","0","0","0","0","1","0","0","0","0","0","0","0","1","0",""
"... 8554","1","0","1","0","0","0","1","0","0","0","1","0","0","0",""
"... 8555","2","0","3","0","4","0","6","0","4","0","3","0","0","0",""
"... 8556","4","0","0","0","2","0","2","0","4","0","0","0","1","0",""
"... 8558","1","0","0","0","0","0","0","0","1","0","1","0","0","0",""
"... 8560","1","0","0","0","1","0","0","0","1","0","1","0","1","0",""
"... 8561","0","0","0","0","1","0","1","0","0","0","0","0","0","0",""
"... 8564","0","0","0","0","0","0","0","0","0","0","1","0","0","0",""
"... 8566","0","0","0","0","0","0","0","0","1","0","0","0","0","0",""
"... 8570","6","0","15","0","8","0","6","0","5","0","11","0","8","0",""
"... 8572","2","0","2","0","1","0","1","0","1","0","0","0","1","0",""
"... 8573","1","0","1","0","0","0","1","0","1","0","1","0","0","0",""
"... 8574","0","0","0","0","2","0","0","0","1","0","0","0","0","0",""
"... 8575","0","0","1","0","4","0","5","0","3","0","2","0","1","0",""
"... 8577","0","0","0","0","1","0","1","0","0","0","0","0","0","0",""
"... 8580","6","0","9","0","8","0","2","0","6","0","4","0","6","0",""
"... 8582","0","0","0","0","0","0","1","0","0","0","0","0","1","0",""
"... 8583","4","0","0","0","1","0","2","0","2","0","0","0","4","0",""
"... 8585","1","0","0","0","0","0","1","0","1","0","2","0","1","0",""
"... 8586","1","0","1","0","1","0","1","0","0","0","0","0","2","0",""
"... 8587","1","0","1","0","2","0","0","0","1","0","1","0","0","0",""
"... 8588","0","0","0","0","0","0","1","0","0","0","0","0","0","0",""
"... 8589","0","0","0","0","0","0","0","0","0","0","0","0","1","0",""
"... 8590","3","0","0","0","3","0","3","0","5","0","1","0","5","0",""
"... 8592","0","0","0","0","1","0","0","0","2","0","0","0","2","0",""
"... 8595","0","0","1","0","1","0","1","0","1","0","0","0","0","0",""
"... 8596","0","0","0","0","1","0","0","0","1","0","0","0","0","0",""
"... 8597","2","0","0","0","0","0","1","0","1","0","0","0","0","0",""
"... 8598","1","0","4","0","0","0","0","0","0","0","0","0","2","0",""
"... 8600","1088","0.016","1067","0.016","1074","0.016","1090","0.016","1101","0.016","1176","0.017","1146","0.017",""
"... 8602","80","0.001","79","0.001","66","0.001","68","0.001","81","0.001","70","0.001","73","0.001",""
"... 8603","225","0.003","202","0.003","229","0.003","231","0.003","245","0.004","209","0.003","226","0.003",""
"... 8604","874","0.013","913","0.014","853","0.013","896","0.013","906","0.014","871","0.013","880","0.013",""
"... 8605","40","0.001","48","0.001","48","0.001","37","0.001","51","0.001","43","0.001","41","0.001",""
"... 8606","285","0.004","264","0.004","260","0.004","270","0.004","299","0.004","306","0.005","272","0.004",""
"... 8607","53","0.001","40","0.001","52","0.001","46","0.001","44","0.001","59","0.001","44","0.001",""
"... 8608","101","0.002","124","0.002","125","0.002","130","0.002","132","0.002","126","0.002","125","0.002",""
"... 8610","1239","0.019","1295","0.019","1237","0.018","1255","0.019","1301","0.019","1234","0.018","1264","0.019",""
"... 8614","41","0.001","37","0.001","51","0.001","39","0.001","61","0.001","50","0.001","34","0.001",""
"... 8615","29","0","28","0","27","0","25","0","33","0","37","0.001","19","0",""
"... 8616","39","0.001","36","0.001","45","0.001","51","0.001","38","0.001","41","0.001","41","0.001",""
"... 8617","152","0.002","162","0.002","182","0.003","140","0.002","157","0.002","165","0.002","155","0.002",""
"... 8618","218","0.003","230","0.003","205","0.003","230","0.003","246","0.004","245","0.004","222","0.003",""
"... 8620","847","0.013","876","0.013","901","0.013","905","0.014","848","0.013","852","0.013","875","0.013",""
"... 8621","0","0","0","0","0","0","0","0","0","0","0","0","1","0",""
"... 8622","4","0","6","0","5","0","8","0","10","0","7","0","7","0",""
"... 8623","408","0.006","346","0.005","416","0.006","413","0.006","435","0.006","429","0.006","408","0.006",""
"... 8624","75","0.001","96","0.001","93","0.001","78","0.001","98","0.001","79","0.001","84","0.001",""
"... 8625","231","0.003","230","0.003","229","0.003","247","0.004","250","0.004","239","0.004","248","0.004",""
"... 8626","47","0.001","34","0.001","34","0.001","36","0.001","36","0.001","34","0.001","34","0.001",""
"... 8627","154","0.002","157","0.002","152","0.002","133","0.002","136","0.002","122","0.002","131","0.002",""
"... 8630","618","0.009","666","0.01","626","0.009","625","0.009","646","0.01","595","0.009","599","0.009",""
"... 8632","181","0.003","189","0.003","204","0.003","183","0.003","159","0.002","177","0.003","174","0.003",""
"... 8633","138","0.002","104","0.002","113","0.002","132","0.002","136","0.002","126","0.002","125","0.002",""
"... 8634","388","0.006","352","0.005","395","0.006","345","0.005","347","0.005","384","0.006","393","0.006",""
"... 8635","122","0.002","140","0.002","129","0.002","123","0.002","111","0.002","144","0.002","125","0.002",""
"... 8636","414","0.006","449","0.007","448","0.007","424","0.006","395","0.006","450","0.007","417","0.006",""
"... 8637","98","0.001","111","0.002","95","0.001","113","0.002","121","0.002","92","0.001","93","0.001",""
"... 8638","4","0","2","0","2","0","2","0","2","0","6","0","3","0",""
"... 8640","21","0","13","0","10","0","25","0","19","0","25","0","13","0",""
"... 8645","17","0","24","0","27","0","23","0","37","0.001","26","0","28","0",""
"... 8646","1","0","3","0","3","0","2","0","2","0","2","0","3","0",""
"... 8698","0","0","0","0","0","0","0","0","1","0","0","0","0","0",""
"... 8700","310","0.005","345","0.005","330","0.005","314","0.005","328","0.005","314","0.005","325","0.005",""
"... 8702","170","0.003","160","0.002","147","0.002","142","0.002","145","0.002","158","0.002","139","0.002",""
"... 8703","127","0.002","117","0.002","115","0.002","132","0.002","119","0.002","108","0.002","94","0.001",""
"... 8704","112","0.002","137","0.002","139","0.002","139","0.002","122","0.002","144","0.002","122","0.002",""
"... 8706","343","0.005","366","0.005","404","0.006","360","0.005","308","0.005","370","0.005","364","0.005",""
"... 8707","190","0.003","159","0.002","182","0.003","185","0.003","202","0.003","193","0.003","186","0.003",""
"... 8708","317","0.005","337","0.005","307","0.005","334","0.005","323","0.005","326","0.005","286","0.004",""
"... 8712","396","0.006","406","0.006","349","0.005","375","0.006","378","0.006","369","0.005","379","0.006",""
"... 8713","131","0.002","83","0.001","107","0.002","111","0.002","89","0.001","89","0.001","110","0.002",""
"... 8714","18","0","14","0","11","0","8","0","18","0","11","0","22","0",""
"... 8715","1","0","0","0","0","0","0","0","1","0","0","0","0","0",""
"... 8716","4","0","2","0","6","0","3","0","5","0","4","0","4","0",""
"... 8717","0","0","2","0","1","0","0","0","0","0","2","0","2","0",""
"... 8718","2","0","0","0","2","0","2","0","3","0","1","0","5","0",""
"... 8721","0","0","0","0","0","0","0","0","0","0","1","0","0","0",""
"... 8722","6","0","5","0","5","0","3","0","4","0","6","0","7","0",""
"... 8723","2","0","3","0","3","0","1","0","0","0","0","0","1","0",""
"... 8725","2","0","1","0","0","0","1","0","0","0","0","0","0","0",""
"... 8727","0","0","0","0","1","0","1","0","3","0","0","0","1","0",""
"... 8730","5","0","4","0","10","0","5","0","10","0","8","0","13","0",""
"... 8732","0","0","1","0","2","0","2","0","3","0","2","0","3","0",""
"... 8733","6","0","9","0","10","0","7","0","14","0","8","0","13","0",""
"... 8734","3","0","4","0","2","0","5","0","1","0","3","0","5","0",""
"... 8735","8","0","4","0","1","0","5","0","2","0","3","0","4","0",""
"... 8737","2","0","0","0","5","0","7","0","2","0","3","0","1","0",""
"... 8738","1","0","0","0","0","0","0","0","2","0","1","0","2","0",""
"... 8739","2","0","0","0","0","0","1","0","0","0","0","0","0","0",""
"... 8741","0","0","0","0","1","0","0","0","1","0","0","0","0","0",""
"... 8750","5","0","3","0","2","0","5","0","1","0","4","0","2","0",""
"... 8752","0","0","2","0","4","0","2","0","2","0","1","0","1","0",""
"... 8753","3","0","4","0","7","0","2","0","7","0","2","0","4","0",""
"... 8754","2","0","0","0","0","0","0","0","1","0","3","0","0","0",""
"... 8755","1","0","1","0","2","0","1","0","1","0","3","0","0","0",""
"... 8756","0","0","1","0","0","0","2","0","3","0","3","0","2","0",""
"... 8757","2","0","0","0","1","0","0","0","1","0","0","0","0","0",""
"... 8758","1","0","1","0","0","0","0","0","1","0","1","0","0","0",""
"... 8762","2","0","1","0","1","0","2","0","1","0","1","0","0","0",""
"... 8765","0","0","0","0","0","0","0","0","1","0","1","0","0","0",""
"... 8766","1","0","0","0","0","0","0","0","0","0","0","0","0","0",""
"... 8767","0","0","0","0","0","0","0","0","0","0","1","0","0","0",""
"... 8772","1","0","1","0","1","0","0","0","0","0","2","0","0","0",""
"... 8773","0","0","0","0","1","0","3","0","0","0","1","0","1","0",""
"... 8774","1","0","0","0","0","0","0","0","0","0","1","0","1","0",""
"... 8775","1","0","0","0","0","0","1","0","0","0","1","0","0","0",""
"... 8777","0","0","1","0","1","0","0","0","0","0","1","0","1","0",""
"... 8782","2","0","1","0","1","0","0","0","1","0","1","0","1","0",""
"... 8783","1","0","0","0","0","0","0","0","0","0","0","0","0","0",""
"... 8800","443","0.007","387","0.006","411","0.006","403","0.006","411","0.006","414","0.006","405","0.006",""
"... 8802","168","0.003","161","0.002","177","0.003","142","0.002","157","0.002","150","0.002","162","0.002",""
"... 8803","101","0.002","120","0.002","109","0.002","114","0.002","108","0.002","94","0.001","107","0.002",""
"... 8804","239","0.004","216","0.003","247","0.004","227","0.003","241","0.004","217","0.003","228","0.003",""
"... 8805","359","0.005","354","0.005","373","0.006","380","0.006","372","0.006","344","0.005","349","0.005",""
"... 8806","2","0","0","0","2","0","0","0","4","0","3","0","1","0",""
"... 8807","1","0","5","0","6","0","3","0","6","0","3","0","2","0",""
"... 8808","2","0","4","0","7","0","3","0","4","0","7","0","5","0",""
"... 8810","696","0.01","756","0.011","734","0.011","775","0.012","711","0.011","732","0.011","718","0.011",""
"... 8815","9","0","14","0","10","0","10","0","12","0","15","0","13","0",""
"... 8816","49","0.001","73","0.001","68","0.001","59","0.001","49","0.001","58","0.001","59","0.001",""
"... 8820","638","0.01","542","0.008","621","0.009","546","0.008","614","0.009","604","0.009","620","0.009",""
"... 8824","49","0.001","58","0.001","62","0.001","46","0.001","57","0.001","51","0.001","60","0.001",""
"... 8825","33","0","35","0.001","34","0.001","27","0","34","0.001","33","0","50","0.001",""
"... 8832","11","0","7","0","7","0","4","0","8","0","5","0","15","0",""
"... 8833","108","0.002","100","0.001","117","0.002","107","0.002","112","0.002","102","0.002","111","0.002",""
"... 8834","0","0","1","0","4","0","2","0","3","0","2","0","3","0",""
"... 8835","1","0","1","0","1","0","0","0","0","0","0","0","0","0",""
"... 8836","2","0","0","0","1","0","0","0","0","0","1","0","0","0",""
"... 8840","11","0","11","0","4","0","6","0","5","0","5","0","8","0",""
"... 8841","0","0","0","0","1","0","1","0","1","0","0","0","0","0",""
"... 8842","1","0","0","0","2","0","2","0","2","0","2","0","2","0",""
"... 8843","0","0","1","0","0","0","1","0","1","0","0","0","0","0",""
"... 8844","0","0","0","0","0","0","0","0","1","0","0","0","0","0",""
"... 8845","1","0","0","0","0","0","0","0","0","0","0","0","0","0",""
"... 8846","0","0","2","0","2","0","2","0","1","0","1","0","0","0",""
"... 8847","1","0","2","0","0","0","0","0","0","0","0","0","0","0",""
"... 8849","0","0","1","0","0","0","1","0","0","0","2","0","0","0",""
"... 8852","3","0","7","0","4","0","4","0","4","0","4","0","3","0",""
"... 8853","6","0","3","0","4","0","4","0","3","0","3","0","5","0",""
"... 8854","5","0","10","0","3","0","5","0","4","0","4","0","6","0",""
"... 8855","1","0","0","0","1","0","3","0","1","0","1","0","2","0",""
"... 8856","1","0","0","0","3","0","0","0","2","0","0","0","0","0",""
"... 8858","0","0","0","0","0","0","0","0","1","0","0","0","1","0",""
"... 8862","2","0","0","0","1","0","0","0","2","0","0","0","2","0",""
"... 8863","2","0","1","0","2","0","2","0","3","0","0","0","2","0",""
"... 8864","6","0","3","0","4","0","4","0","5","0","4","0","5","0",""
"... 8865","4","0","6","0","4","0","9","0","3","0","2","0","3","0",""
"... 8866","0","0","0","0","0","0","1","0","0","0","1","0","0","0",""
"... 8867","2","0","1","0","3","0","3","0","1","0","0","0","1","0",""
"... 8868","0","0","2","0","0","0","1","0","0","0","1","0","1","0",""
"... 8872","3","0","0","0","2","0","0","0","1","0","2","0","0","0",""
"... 8873","2","0","1","0","0","0","1","0","0","0","0","0","1","0",""
"... 8877","0","0","0","0","0","0","0","0","0","0","0","0","1","0",""
"... 8880","3","0","2","0","4","0","4","0","2","0","6","0","0","0",""
"... 8881","0","0","1","0","0","0","0","0","1","0","0","0","1","0",""
"... 8882","0","0","0","0","0","0","0","0","0","0","1","0","0","0",""
"... 8885","0","0","0","0","0","0","0","0","1","0","1","0","0","0",""
"... 8887","2","0","5","0","4","0","1","0","0","0","2","0","2","0",""
"... 8889","1","0","0","0","0","0","0","0","0","0","0","0","0","0",""
"... 8890","2","0","3","0","1","0","2","0","0","0","5","0","1","0",""
"... 8892","0","0","0","0","1","0","0","0","0","0","0","0","0","0",""
"... 8895","0","0","0","0","0","0","1","0","0","0","0","0","0","0",""
"... 8897","1","0","0","0","1","0","0","0","0","0","0","0","0","0",""
"... 8898","0","0","3","0","0","0","1","0","0","0","1","0","1","0",""
"... 8902","460","0.007","477","0.007","470","0.007","458","0.007","473","0.007","462","0.007","487","0.007",""
"... 8903","194","0.003","211","0.003","179","0.003","211","0.003","208","0.003","206","0.003","211","0.003",""
"... 8904","34","0.001","23","0","36","0.001","27","0","32","0","29","0","32","0",""
"... 8905","3","0","5","0","3","0","0","0","3","0","1","0","7","0",""
"... 8906","145","0.002","160","0.002","148","0.002","165","0.002","144","0.002","155","0.002","167","0.002",""
"... 8907","108","0.002","95","0.001","111","0.002","101","0.002","97","0.001","117","0.002","85","0.001",""
"... 8908","139","0.002","95","0.001","99","0.001","144","0.002","102","0.002","132","0.002","124","0.002",""
"... 8909","36","0.001","55","0.001","44","0.001","51","0.001","54","0.001","56","0.001","50","0.001",""
"... 8910","508","0.008","498","0.007","516","0.008","490","0.007","515","0.008","496","0.007","523","0.008",""
"... 8911","18","0","22","0","31","0","21","0","24","0","32","0","31","0",""
"... 8912","221","0.003","227","0.003","224","0.003","188","0.003","242","0.004","231","0.003","235","0.003",""
"... 8913","84","0.001","74","0.001","80","0.001","112","0.002","74","0.001","84","0.001","78","0.001",""
"... 8914","36","0.001","42","0.001","35","0.001","41","0.001","42","0.001","44","0.001","44","0.001",""
"... 8915","77","0.001","92","0.001","79","0.001","83","0.001","89","0.001","74","0.001","83","0.001",""
"... 8916","6","0","4","0","5","0","4","0","7","0","4","0","3","0",""
"... 8917","5","0","5","0","3","0","4","0","3","0","1","0","2","0",""
"... 8918","1","0","2","0","2","0","4","0","1","0","1","0","1","0",""
"... 8919","1","0","2","0","1","0","0","0","0","0","0","0","2","0",""
"... 8925","22","0","16","0","21","0","20","0","27","0","27","0","22","0",""
"... 8926","34","0.001","35","0.001","37","0.001","25","0","27","0","26","0","27","0",""
"... 8932","159","0.002","145","0.002","151","0.002","145","0.002","151","0.002","167","0.002","169","0.002",""
"... 8933","25","0","19","0","22","0","24","0","24","0","32","0","21","0",""
"... 8934","57","0.001","49","0.001","58","0.001","58","0.001","75","0.001","60","0.001","80","0.001",""
"... 8942","122","0.002","118","0.002","126","0.002","123","0.002","112","0.002","105","0.002","134","0.002",""
"... 8951","203","0.003","196","0.003","194","0.003","194","0.003","190","0.003","195","0.003","199","0.003",""
"... 8952","1047","0.016","1039","0.016","1065","0.016","1043","0.016","1053","0.016","1054","0.016","1080","0.016",""
"... 8953","1685","0.025","1730","0.026","1674","0.025","1757","0.026","1756","0.026","1788","0.027","1735","0.026",""
"... 8954","179","0.003","151","0.002","163","0.002","167","0.003","150","0.002","163","0.002","182","0.003",""
"... 8955","65","0.001","76","0.001","64","0.001","70","0.001","69","0.001","79","0.001","68","0.001",""
"... 8956","2","0","4","0","3","0","2","0","2","0","5","0","4","0",""
"... 8957","39","0.001","49","0.001","35","0.001","38","0.001","34","0.001","44","0.001","55","0.001",""
"... 8962","10","0","6","0","8","0","5","0","6","0","6","0","7","0",""
"... 8964","8","0","20","0","14","0","10","0","20","0","16","0","16","0",""
"... 8965","6","0","6","0","10","0","8","0","10","0","9","0","14","0",""
"... 8966","5","0","1","0","2","0","6","0","1","0","4","0","4","0",""
"... 8967","3","0","6","0","9","0","5","0","6","0","4","0","5","0",""
"... 9082","0","0","0","0","0","0","0","0","0","0","0","0","1","0",""
"... 9100","0","0","0","0","0","0","0","0","1","0","1","0","1","0",""
"... 9176","0","0","1","0","0","0","0","0","0","0","0","0","0","0",""
"... 9200","0","0","0","0","0","0","1","0","0","0","0","0","0","0",""
"... 9433","0","0","1","0","0","0","0","0","0","0","0","0","0","0",""
"birthyear","","","","","","","","","","","","","","","X2=684.856"
"... 1908","0","0","1","0","0","0","0","0","0","0","1","0","0","0",""
"... 1912","0","0","1","0","1","0","0","0","0","0","0","0","0","0",""
"... 1913","0","0","0","0","0","0","1","0","0","0","1","0","0","0",""
"... 1914","1","0","2","0","0","0","0","0","1","0","1","0","1","0",""
"... 1915","0","0","0","0","0","0","0","0","0","0","2","0","1","0",""
"... 1916","1","0","0","0","0","0","1","0","2","0","1","0","2","0",""
"... 1917","5","0","1","0","0","0","3","0","3","0","3","0","2","0",""
"... 1918","5","0","7","0","6","0","3","0","6","0","7","0","3","0",""
"... 1919","3","0","4","0","10","0","5","0","5","0","5","0","6","0",""
"... 1920","13","0","9","0","13","0","11","0","6","0","5","0","13","0",""
"... 1921","21","0","17","0","16","0","18","0","30","0","22","0","17","0",""
"... 1922","23","0","28","0","28","0","22","0","23","0","19","0","30","0",""
"... 1923","32","0","42","0.001","42","0.001","36","0.001","34","0","28","0","43","0.001",""
"... 1924","44","0.001","55","0.001","47","0.001","54","0.001","45","0.001","43","0.001","58","0.001",""
"... 1925","72","0.001","52","0.001","64","0.001","63","0.001","55","0.001","75","0.001","73","0.001",""
"... 1926","83","0.001","64","0.001","72","0.001","80","0.001","71","0.001","87","0.001","72","0.001",""
"... 1927","80","0.001","105","0.002","92","0.001","100","0.001","79","0.001","103","0.001","96","0.001",""
"... 1928","114","0.002","128","0.002","115","0.002","108","0.002","121","0.002","104","0.002","132","0.002",""
"... 1929","139","0.002","155","0.002","166","0.002","144","0.002","123","0.002","163","0.002","152","0.002",""
"... 1930","180","0.003","191","0.003","153","0.002","172","0.003","163","0.002","189","0.003","175","0.003",""
"... 1931","173","0.003","198","0.003","172","0.003","186","0.003","211","0.003","180","0.003","191","0.003",""
"... 1932","216","0.003","233","0.003","214","0.003","235","0.003","178","0.003","204","0.003","203","0.003",""
"... 1933","190","0.003","235","0.003","211","0.003","203","0.003","220","0.003","191","0.003","224","0.003",""
"... 1934","200","0.003","245","0.004","243","0.004","252","0.004","226","0.003","229","0.003","234","0.003",""
"... 1935","235","0.003","260","0.004","270","0.004","271","0.004","270","0.004","254","0.004","213","0.003",""
"... 1936","280","0.004","288","0.004","254","0.004","237","0.003","267","0.004","259","0.004","272","0.004",""
"... 1937","240","0.004","273","0.004","307","0.004","247","0.004","269","0.004","255","0.004","293","0.004",""
"... 1938","277","0.004","281","0.004","286","0.004","288","0.004","262","0.004","279","0.004","249","0.004",""
"... 1939","263","0.004","302","0.004","318","0.005","294","0.004","318","0.005","299","0.004","267","0.004",""
"... 1940","279","0.004","257","0.004","275","0.004","277","0.004","286","0.004","290","0.004","290","0.004",""
"... 1941","276","0.004","314","0.005","292","0.004","276","0.004","274","0.004","312","0.005","310","0.004",""
"... 1942","276","0.004","296","0.004","259","0.004","279","0.004","308","0.004","289","0.004","333","0.005",""
"... 1943","301","0.004","310","0.005","311","0.005","316","0.005","311","0.005","326","0.005","332","0.005",""
"... 1944","287","0.004","347","0.005","324","0.005","323","0.005","329","0.005","301","0.004","351","0.005",""
"... 1945","325","0.005","314","0.005","325","0.005","330","0.005","292","0.004","327","0.005","299","0.004",""
"... 1946","287","0.004","318","0.005","337","0.005","307","0.004","339","0.005","334","0.005","317","0.005",""
"... 1947","313","0.005","327","0.005","307","0.004","339","0.005","345","0.005","278","0.004","330","0.005",""
"... 1948","340","0.005","387","0.006","350","0.005","342","0.005","355","0.005","402","0.006","363","0.005",""
"... 1949","395","0.006","337","0.005","352","0.005","359","0.005","394","0.006","374","0.005","383","0.006",""
"... 1950","365","0.005","369","0.005","368","0.005","416","0.006","363","0.005","406","0.006","381","0.005",""
"... 1951","365","0.005","361","0.005","387","0.006","350","0.005","380","0.006","404","0.006","376","0.005",""
"... 1952","428","0.006","395","0.006","373","0.005","358","0.005","421","0.006","406","0.006","379","0.005",""
"... 1953","396","0.006","380","0.006","368","0.005","379","0.006","415","0.006","402","0.006","386","0.006",""
"... 1954","453","0.007","417","0.006","415","0.006","448","0.007","432","0.006","428","0.006","426","0.006",""
"... 1955","428","0.006","439","0.006","463","0.007","487","0.007","471","0.007","452","0.007","426","0.006",""
"... 1956","506","0.007","516","0.008","501","0.007","489","0.007","519","0.008","494","0.007","482","0.007",""
"... 1957","530","0.008","446","0.007","508","0.007","486","0.007","474","0.007","518","0.008","515","0.007",""
"... 1958","538","0.008","520","0.008","550","0.008","539","0.008","546","0.008","529","0.008","567","0.008",""
"... 1959","512","0.007","494","0.007","532","0.008","508","0.007","498","0.007","539","0.008","541","0.008",""
"... 1960","513","0.007","518","0.008","553","0.008","503","0.007","544","0.008","488","0.007","515","0.007",""
"... 1961","524","0.008","496","0.007","540","0.008","541","0.008","531","0.008","519","0.008","544","0.008",""
"... 1962","537","0.008","522","0.008","545","0.008","508","0.007","535","0.008","571","0.008","575","0.008",""
"... 1963","553","0.008","583","0.009","541","0.008","533","0.008","613","0.009","570","0.008","589","0.008",""
"... 1964","588","0.009","601","0.009","651","0.009","641","0.009","614","0.009","630","0.009","631","0.009",""
"... 1965","590","0.009","602","0.009","624","0.009","650","0.009","631","0.009","608","0.009","572","0.008",""
"... 1966","649","0.009","612","0.009","647","0.009","638","0.009","594","0.009","631","0.009","617","0.009",""
"... 1967","676","0.01","649","0.009","598","0.009","626","0.009","646","0.009","635","0.009","647","0.009",""
"... 1968","699","0.01","626","0.009","646","0.009","720","0.011","649","0.009","730","0.011","715","0.01",""
"... 1969","714","0.01","728","0.011","698","0.01","678","0.01","705","0.01","707","0.01","742","0.011",""
"... 1970","722","0.011","734","0.011","703","0.01","689","0.01","743","0.011","668","0.01","716","0.01",""
"... 1971","723","0.011","697","0.01","694","0.01","755","0.011","733","0.011","753","0.011","818","0.012",""
"... 1972","731","0.011","701","0.01","724","0.011","750","0.011","777","0.011","706","0.01","748","0.011",""
"... 1973","739","0.011","751","0.011","760","0.011","723","0.011","760","0.011","781","0.011","766","0.011",""
"... 1974","808","0.012","805","0.012","752","0.011","778","0.011","711","0.01","815","0.012","778","0.011",""
"... 1975","837","0.012","825","0.012","816","0.012","861","0.013","826","0.012","836","0.012","820","0.012",""
"... 1976","843","0.012","900","0.013","920","0.013","853","0.012","900","0.013","832","0.012","922","0.013",""
"... 1977","917","0.013","933","0.014","924","0.013","857","0.013","886","0.013","897","0.013","910","0.013",""
"... 1978","988","0.014","993","0.014","985","0.014","984","0.014","1025","0.015","944","0.014","948","0.014",""
"... 1979","996","0.015","935","0.014","1019","0.015","975","0.014","993","0.014","1035","0.015","1045","0.015",""
"... 1980","1089","0.016","1019","0.015","1064","0.015","1114","0.016","1094","0.016","1064","0.015","1051","0.015",""
"... 1981","1080","0.016","1026","0.015","1099","0.016","1127","0.016","1164","0.017","1073","0.016","1101","0.016",""
"... 1982","1134","0.017","1092","0.016","1127","0.016","1106","0.016","1123","0.016","1104","0.016","1141","0.016",""
"... 1983","1097","0.016","1084","0.016","1089","0.016","1084","0.016","1071","0.016","1045","0.015","1113","0.016",""
"... 1984","1088","0.016","1109","0.016","1125","0.016","1168","0.017","1035","0.015","1152","0.017","1106","0.016",""
"... 1985","1113","0.016","1128","0.016","1084","0.016","1102","0.016","1129","0.016","1066","0.015","1127","0.016",""
"... 1986","1107","0.016","1103","0.016","1118","0.016","1084","0.016","1099","0.016","1118","0.016","1101","0.016",""
"... 1987","1054","0.015","1097","0.016","1089","0.016","1112","0.016","1088","0.016","1087","0.016","1091","0.016",""
"... 1988","1097","0.016","1083","0.016","1064","0.015","1048","0.015","1010","0.015","1071","0.016","1123","0.016",""
"... 1989","1066","0.016","1005","0.015","1015","0.015","1084","0.016","1094","0.016","1113","0.016","1084","0.016",""
"... 1990","1094","0.016","1051","0.015","1084","0.016","1068","0.016","1049","0.015","1022","0.015","1141","0.016",""
"... 1991","1028","0.015","1081","0.016","1094","0.016","1062","0.016","1074","0.016","1021","0.015","1039","0.015",""
"... 1992","1095","0.016","1094","0.016","1087","0.016","1117","0.016","1064","0.015","1026","0.015","1087","0.016",""
"... 1993","1086","0.016","1055","0.015","1143","0.017","1053","0.015","1074","0.016","1116","0.016","1099","0.016",""
"... 1994","1083","0.016","1087","0.016","1149","0.017","1080","0.016","1110","0.016","1136","0.016","1096","0.016",""
"... 1995","1159","0.017","1186","0.017","1192","0.017","1165","0.017","1148","0.017","1195","0.017","1125","0.016",""
"... 1996","1195","0.017","1142","0.017","1226","0.018","1202","0.018","1278","0.019","1211","0.018","1184","0.017",""
"... 1997","1271","0.019","1267","0.018","1296","0.019","1199","0.018","1290","0.019","1255","0.018","1271","0.018",""
"... 1998","1306","0.019","1348","0.02","1404","0.02","1369","0.02","1323","0.019","1366","0.02","1439","0.021",""
"... 1999","1567","0.023","1618","0.024","1592","0.023","1605","0.023","1531","0.022","1546","0.022","1529","0.022",""
"... 2000","1780","0.026","1860","0.027","1778","0.026","1808","0.026","1785","0.026","1876","0.027","1900","0.027",""
"... 2001","2063","0.03","2058","0.03","2051","0.03","2004","0.029","2117","0.031","2128","0.031","2091","0.03",""
"... 2002","1878","0.027","1954","0.029","1864","0.027","1953","0.029","1850","0.027","1844","0.027","1903","0.027",""
"... 2003","819","0.012","745","0.011","819","0.012","761","0.011","782","0.011","763","0.011","720","0.01",""
"... 2004","764","0.011","723","0.011","785","0.011","770","0.011","773","0.011","723","0.01","734","0.011",""
"... 2005","787","0.011","793","0.012","741","0.011","829","0.012","765","0.011","787","0.011","738","0.011",""
"... 2006","826","0.012","801","0.012","774","0.011","773","0.011","805","0.012","804","0.012","804","0.012",""
"... 2007","823","0.012","822","0.012","774","0.011","815","0.012","850","0.012","853","0.012","787","0.011",""
"... 2008","831","0.012","798","0.012","888","0.013","846","0.012","855","0.012","861","0.012","852","0.012",""
"... 2009","846","0.012","788","0.012","825","0.012","768","0.011","790","0.012","878","0.013","858","0.012",""
"... 2010","820","0.012","814","0.012","874","0.013","857","0.013","811","0.012","873","0.013","860","0.012",""
"... 2011","903","0.013","894","0.013","849","0.012","827","0.012","856","0.012","865","0.013","904","0.013",""
"... 2012","960","0.014","962","0.014","940","0.014","887","0.013","913","0.013","938","0.014","888","0.013",""
"... 2013","904","0.013","963","0.014","892","0.013","952","0.014","931","0.014","936","0.014","965","0.014",""
"... 2014","986","0.014","989","0.014","930","0.014","993","0.014","972","0.014","981","0.014","999","0.014",""
"... 2015","986","0.014","1055","0.015","1026","0.015","1016","0.015","1025","0.015","1010","0.015","982","0.014",""
"... 2016","954","0.014","1052","0.015","954","0.014","951","0.014","990","0.014","1000","0.015","1058","0.015",""
"... 2017","949","0.014","953","0.014","908","0.013","895","0.013","922","0.013","980","0.014","960","0.014",""
"... 2018","994","0.015","948","0.014","945","0.014","968","0.014","916","0.013","949","0.014","989","0.014",""
"... 2019","746","0.011","715","0.01","741","0.011","759","0.011","756","0.011","744","0.011","772","0.011",""
"... 2020","199","0.003","196","0.003","202","0.003","222","0.003","211","0.003","200","0.003","183","0.003",""
